ms,valve_a_pct,valve_b_pct,q_des,pid_u,tension_0x2B,tension_0x2A
1,50.62635722737129,49.37364277262871,12.362313699744082,1.2527144547425695,2.7974002770139883,2.7542948452713096,-0.0
33,50.634598769755364,49.365401230244636,12.362313699744082,1.2691975395107309,2.7973192691432747,2.7542948452713096,-0.0
67,50.64284031213945,49.35715968786055,12.362313699744082,1.2856806242788918,2.733752838490538,2.741133015463131,-0.0
100,50.651081854523525,49.348918145476475,12.362313699744082,1.3021637090470535,2.733752838490538,2.724314112588023,-0.0
133,50.65932339690761,49.34067660309239,12.362313699744082,1.3186467938152147,2.654355708246935,2.6569906898901405,-0.0
167,50.66756493929169,49.33243506070831,12.362313699744082,1.3351298785833756,2.611050642668513,2.6569906898901405,-0.0
200,50.67580648167577,49.32419351832423,12.362313699744082,1.3516129633515375,2.6008193329033977,2.627817506683344,-0.0
233,50.68404802405985,49.31595197594015,12.362313699744082,1.3680960481196984,2.6008193329033977,2.62457452156281,-0.0
267,50.69228956644393,49.30771043355607,12.362313699744082,1.3845791328878598,2.600536428631121,2.6252797623834887,-0.0
300,50.70053110882801,49.29946889117199,12.362313699744082,1.401062217656021,2.600474375622348,2.6252797623834887,-0.0
333,50.708772651212094,49.291227348787906,12.362313699744082,1.417545302424182,2.6010698908108565,2.625945770573405,-0.0
367,50.71701419359617,49.28298580640383,12.362313699744082,1.4340283871923436,2.6010698908108565,2.625218991985128,-0.0
400,50.725255735980255,49.274744264019745,12.362313699744082,1.4505114719605046,2.602436039447469,2.625663532773989,-0.0
433,50.73349727836433,49.26650272163567,12.362313699744082,1.4669945567286662,2.602191281261417,2.625663532773989,-0.0
467,50.74173882074842,49.25826117925158,12.362313699744082,1.4834776414968274,2.602076625213996,2.626400341446513,-0.0
500,50.749980363132494,49.250019636867506,12.362313699744082,1.4999607262649886,2.602076625213996,2.6254092682480823,-0.0
533,50.75822190551658,49.24177809448342,12.362313699744082,1.51644381103315,2.6025912802992806,2.6254371964671046,-0.0
567,50.766463447900655,49.233536552099345,12.362313699744082,1.5329268958013116,2.6019405613071274,2.625486397522482,-0.0
600,50.77470499028474,49.22529500971526,12.362313699744082,1.549409980569472,2.601556841489576,2.625486397522482,-0.0
633,50.79012720183302,49.20987279816698,12.362313699744082,1.5802544036660442,2.601556841489576,2.6247696459149505,-0.0
667,51.394244527461865,48.605755472538135,12.540322766606367,2.7884890549237316,2.6018970174003035,2.6250041421383354,-0.0
700,51.807970220363224,48.192029779636776,20.563629029674416,3.61594044072645,2.601760967580683,2.6250041421383354,-0.0
733,51.22879068602485,48.77120931397515,20.563629029674416,2.457581372049706,2.5918362210978247,2.6251009298146966,-0.0
767,51.242499771907546,48.757500228092454,20.563629029674416,2.48499954381509,2.590659247485463,2.6138332615141535,-0.0
800,51.256208857790234,48.743791142209766,20.563629029674416,2.512417715580474,2.590659247485463,2.608865357384947,-0.0
833,51.26991794367293,48.73008205632707,20.563629029674416,2.5398358873458586,2.5877060878155786,2.6099235211753022,-0.0
867,51.28362702955562,48.71637297044438,20.563629029674416,2.5672540591112423,2.589988752484611,2.6099235211753022,-0.0
900,51.29733611543831,48.70266388456169,20.563629029674416,2.5946722308766277,2.5895644387259216,2.6093382971196695,-0.0
933,51.31104520132101,48.68895479867899,20.563629029674416,2.6220904026420113,2.5895644387259216,2.6093821713420886,-0.0
967,51.324754287203696,48.675245712796304,20.563629029674416,2.649508574407396,2.591484251036088,2.6092730613512134,-0.0
1000,51.33846337308639,48.66153662691361,20.563629029674416,2.676926746172779,2.590805350097532,2.6092730613512134,-0.0
1033,51.35217245896908,48.64782754103092,20.563629029674416,2.7043449179381636,2.5919281992845895,2.609742956906505,-0.0
1067,51.365881544851774,48.634118455148226,20.563629029674416,2.731763089703548,2.5919281992845895,2.6095930984917524,-0.0
1101,51.37959063073447,48.62040936926553,20.563629029674416,2.7591812614689317,2.592821408739337,2.611817060156634,-0.0
1133,51.39329971661716,48.60670028338284,20.563629029674416,2.7865994332343162,2.5960059865611087,2.611817060156634,-0.0
1167,51.40700880249985,48.59299119750015,20.563629029674416,2.814017604999701,2.5989571220649292,2.6154996734663403,-0.0
1200,51.42071788838254,48.57928211161746,20.563629029674416,2.841435776765085,2.5989571220649292,2.616658197710682,-0.0
1233,51.434426974265236,48.565573025734764,20.563629029674416,2.868853948530469,2.6011378159345684,2.618237239935107,-0.0
1267,51.448136060147924,48.551863939852076,20.563629029674416,2.8962721202958535,2.6012626852354868,2.618237239935107,-0.0
1300,51.46184514603062,48.53815485396938,20.563629029674416,2.9236902920612367,2.601812645268947,2.6196362641468975,-0.0
1333,51.475554231913314,48.524445768086686,20.563629029674416,2.9511084638266216,2.601812645268947,2.6190755971732584,-0.0
1367,51.489263317796,48.510736682204,20.563629029674416,2.9785266355920057,2.6027111123137163,2.6196362641468975,-0.0
1400,51.5029724036787,48.4970275963213,20.563629029674416,3.00594480735739,2.602490736341217,2.6196362641468975,-0.0
1433,51.516681489561385,48.483318510438615,20.563629029674416,3.0333629791227743,2.6027932427290477,2.6205161299827515,-0.0
1467,51.53039057544408,48.46960942455592,20.563629029674416,3.060781150888159,2.6027932427290477,2.6200434661847223,-0.0
1500,51.54409966132677,48.45590033867323,20.563629029674416,3.088199322653542,2.603613045862823,2.6206044439921015,-0.0
1533,51.557808747209464,48.442191252790536,20.563629029674416,3.1156174944189265,2.603416846498318,2.6206044439921015,-0.0
1567,51.53767860103454,48.46232139896546,20.563629029674416,3.075357202069084,2.6037380934457963,2.6214193946372064,-0.0
1600,50.01061500385926,49.98938499614074,20.543271461824617,0.021230007718518795,2.6037380934457963,2.6210642684589054,-0.0
1633,49.03077184959192,50.96922815040808,0.097527252852835,-1.9384563008161602,2.604421941476286,2.6210101397095658,-0.0
1667,50.56203829475784,49.43796170524216,0.097527252852835,1.1240765895156817,2.604479846498151,2.6210101397095658,-0.0
1700,50.56210331292576,49.43789668707424,0.097527252852835,1.1242066258515184,2.605696012030645,2.621876112129325,-0.0
1733,50.56216833109368,49.43783166890632,0.097527252852835,1.1243366621873552,2.605696012030645,2.6212868635006448,-0.0
1767,50.5622333492616,49.4377666507384,0.097527252852835,1.124466698523192,2.6036617776210216,2.6207861366879714,-0.0
1800,50.56229836742951,49.43770163257049,0.097527252852835,1.1245967348590287,2.605425472782936,2.6207861366879714,-0.0
1834,50.562363385597436,49.437636614402564,0.097527252852835,1.1247267711948654,2.6028716630491306,2.6206650542288124,-0.0
1867,50.56242840376535,49.43757159623465,0.097527252852835,1.1248568075307022,2.6028745199583003,2.6181245479125397,-0.0
1900,50.56249342193327,49.43750657806673,0.097527252852835,1.124986843866539,2.6028745199583003,2.6180559563304855,-0.0
1933,50.562558440101185,49.437441559898815,0.097527252852835,1.1251168802023757,2.602762818313195,2.618152215868238,-0.0
1967,50.56262345826911,49.43737654173089,0.097527252852835,1.1252469165382124,2.6031579487261394,2.618152215868238,-0.0
2000,50.562688476437025,49.437311523562975,0.097527252852835,1.1253769528740492,2.603299251828995,2.6186358995176082,-0.0
2033,50.56275349460494,49.43724650539506,0.097527252852835,1.125506989209886,2.603299251828995,2.6183581541730216,-0.0
2067,50.562818512772864,49.437181487227136,0.097527252852835,1.1256370255457226,2.6039970777726222,2.6184626458090654,-0.0
2100,50.56288353094078,49.43711646905922,0.097527252852835,1.1257670618815594,2.603610044831527,2.6184626458090654,-0.0
2133,50.5629485491087,49.4370514508913,0.097527252852835,1.1258970982173961,2.6039178919295107,2.6186521879801092,-0.0
2167,50.58798587273815,49.41201412726185,0.097527252852835,1.1759717454763068,2.6039178919295107,2.6183581541730216,-0.0
2200,51.730414795842115,48.269585204157885,0.1312740566153581,3.4608295916842287,2.6043894869134765,2.618294453375591,-0.0
2234,52.460909451490686,47.539090548509314,15.258022995524836,4.9218189029813715,2.6038660085794607,2.618294453375591,-0.0
2267,51.34146990090434,48.65853009909566,15.258022995524836,2.6829398018086894,2.60383356440756,2.618987360434876,-0.0
2300,51.35164191613298,48.64835808386702,15.258022995524836,2.703283832265949,2.60383356440756,2.6183745841675687,-0.0
2333,51.3618139313616,48.6381860686384,15.258022995524836,2.7236278627232084,2.604539755207537,2.6188140718458017,-0.0
2367,51.371985946590236,48.628014053409764,15.258022995524836,2.743971893180468,2.604253241557608,2.6188140718458017,-0.0
2400,51.38215796181886,48.61784203818114,15.258022995524836,2.7643159236377266,2.6038224163298813,2.619212863185457,-0.0
2433,51.392329977047496,48.607670022952504,15.258022995524836,2.784659954094986,2.6038224163298813,2.618314053373359,-0.0
2467,51.40250199227612,48.59749800772388,15.258022995524836,2.8050039845522456,2.6017853786724956,2.6170010519411275,-0.0
2500,51.412674007504755,48.587325992495245,15.258022995524836,2.825348015009505,2.5987776946249985,2.6170010519411275,-0.0
2533,51.42284602273338,48.57715397726662,15.258022995524836,2.845692045466765,2.600068874668576,2.617423916678636,-0.0
2567,51.433018037962015,48.566981962037985,15.258022995524836,2.866036075924025,2.600068874668576,2.617443362855655,-0.0
2600,51.44319005319064,48.55680994680936,15.258022995524836,2.8863801063812837,2.6021283123072543,2.6191277915912807,-0.0
2633,51.453362068419274,48.546637931580726,15.258022995524836,2.9067241368385437,2.6021994202726386,2.6191277915912807,-0.0
2667,51.4635340836479,48.5364659163521,15.258022995524836,2.9270681672958037,2.6020389317303243,2.6199224351892987,-0.0
2700,51.473706098876534,48.526293901123466,15.258022995524836,2.9474121977530623,2.6020389317303243,2.61923247349668,-0.0
2733,51.48387811410516,48.51612188589484,15.258022995524836,2.9677562282103223,2.6025557179208882,2.6193615321416033,-0.0
2767,51.49405012933379,48.50594987066621,15.258022995524836,2.988100258667582,2.6022318339067017,2.6193615321416033,-0.0
2800,51.50422214456242,48.49577785543758,15.258022995524836,3.0084442891248417,2.6019679731140313,2.6195511719240683,-0.0
2833,51.512666784128896,48.487333215871104,15.258022995524836,3.0253335682577966,2.6019679731140313,2.619095061759979,-0.0
2867,51.37973448798949,48.62026551201051,15.217588234177054,2.7594689759789737,2.602757676211101,2.619265205903797,-0.0
2900,51.29232060901291,48.70767939098709,13.286752348169404,2.5846412180258267,2.602142447995965,2.619265205903797,-0.0
2933,51.44369135576502,48.55630864423498,13.286752348169404,2.8873827115300306,2.601905012265207,2.619463055364916,-0.0
2967,51.45254919057522,48.54745080942478,13.286752348169404,2.905098381150433,2.6022673896467534,2.6193174059898956,-0.0
3000,51.46140702538542,48.53859297461458,13.286752348169404,2.9228140507708367,2.6022673896467534,2.61925698669542,-0.0
3033,51.47026486019562,48.52973513980438,13.286752348169404,2.940529720391239,2.602210415137905,2.619377971581248,-0.0
3067,51.47912269500582,48.52087730499418,13.286752348169404,2.958245390011642,2.601992387119261,2.619377971581248,-0.0
3100,51.48798052981602,48.51201947018398,13.286752348169404,2.9759610596320436,2.6022866671598655,2.619358359635979,-0.0
3133,51.49683836462622,48.50316163537378,13.286752348169404,2.9936767292524467,2.6022866671598655,2.619240548394727,-0.0
3167,51.50569619943642,48.49430380056358,13.286752348169404,3.0113923988728497,2.602574998637986,2.619325625482668,-0.0
3200,51.51455403424663,48.48544596575337,13.286752348169404,3.0291080684932514,2.60214458977703,2.619325625482668,-0.0
3233,51.52341186905683,48.47658813094317,13.286752348169404,3.0468237381136545,2.6024226154081047,2.6196672733605246,-0.0
3267,51.53226970386703,48.46773029613297,13.286752348169404,3.0645394077340566,2.6024226154081047,2.619353456684077,-0.0
3300,51.54112753867723,48.45887246132277,13.286752348169404,3.08225507735446,2.6028553787566824,2.6193974395388757,-0.0
3333,51.54998537348743,48.45001462651257,13.286752348169404,3.0999707469748627,2.602441894646107,2.6193974395388757,-0.0
3367,51.55884320829763,48.44115679170237,13.286752348169404,3.1176864165952645,2.602436039447469,2.619878294863308,-0.0
3400,51.56770104310783,48.43229895689217,13.286752348169404,3.135402086215668,2.602436039447469,2.6193338450141295,-0.0
3433,51.57655887791803,48.42344112208197,13.286752348169404,3.1531177558360697,2.6032370999064005,2.6197131391603596,-0.0
3467,51.58541671272824,48.41458328727176,13.286752348169404,3.1708334254564723,2.6026054197606743,2.6197131391603596,-0.0
3500,51.59427454753844,48.40572545246156,13.286752348169404,3.188549095076876,2.6025070172118014,2.620159456080791,-0.0
3533,51.60313238234864,48.39686761765136,13.286752348169404,3.206264764697278,2.6025070172118014,2.6193615321416033,-0.0
3567,51.61199021715884,48.38800978284116,13.286752348169404,3.223980434317681,2.6033621204058557,2.619853772941989,-0.0
3600,51.62084805196904,48.37915194803096,13.286752348169404,3.2416961039380827,2.6031142313907845,2.619853772941989,-0.0
3633,51.62970588677924,48.37029411322076,13.286752348169404,3.2594117735584858,2.6026866881923163,2.6200679907693982,-0.0
3667,51.63856372158944,48.36143627841056,13.286752348169404,3.277127443178889,2.6026866881923163,2.619413879316562,-0.0
3700,51.64742155639964,48.35257844360036,13.286752348169404,3.2948431127992905,2.603299251828995,2.6199093083745035,-0.0
3733,51.65627939120985,48.34372060879015,13.286752348169404,3.3125587824196936,2.602751819946724,2.6199093083745035,-0.0
3767,51.66154825655349,48.33845174344651,13.286752348169404,3.323096513106979,2.6022318339067017,2.6200956895379237,-0.0
3800,51.50909846385448,48.49090153614552,13.28463487085972,3.018196927708956,2.6022318339067017,2.619204644223454,-0.0
3833,51.41385327715108,48.58614672284892,11.143490810942328,2.827706554302153,2.6026704056357155,2.6193615321416033,-0.0
3867,51.581688559916714,48.418311440083286,11.143490810942328,3.1633771198334264,2.6023597808601178,2.6193615321416033,-0.0
3900,51.589117553716385,48.410882446283615,11.143490810942328,3.1782351074327697,2.602155727081194,2.6198586772987102,-0.0
3933,51.596546547516056,48.403453452483944,11.143490810942328,3.1930930950321126,2.602155727081194,2.619350139989125,-0.0
3967,51.60397554131573,48.39602445868427,11.143490810942328,3.2079510826314563,2.6026674062340605,2.6194056594083737,-0.0
4000,51.60751256887418,48.39248743112582,11.143490810942328,3.2150251377483543,2.602180143728993,2.6194056594083737,-0.0
4033,50.073509206126566,49.926490793873434,10.897821885447966,0.1470184122531384,2.602155727081194,2.6197245336810715,-0.0
4067,49.07994748758124,50.92005251241876,-9.08682017213578,-1.840105024837525,2.602155727081194,2.619543095589541,-0.0
4100,50.595038440370786,49.404961559629214,-9.08682017213578,1.1900768807415676,2.6024034791911315,2.619296064329659,-0.0
4133,50.58898056031661,49.41101943968339,-9.08682017213578,1.177961120633211,2.6024795968862113,2.6193452370603025,-0.0
4167,50.58292268026243,49.41707731973757,-9.08682017213578,1.1658453605248544,2.6018096473499353,2.6193452370603025,-0.0
4200,50.57686480020825,49.42313519979175,-9.08682017213578,1.1537296004164972,2.6024877372501405,2.6191587917769663,-0.0
4233,50.57080692015407,49.42919307984593,-9.08682017213578,1.1416138403081404,2.6024877372501405,2.6186850536591657,-0.0
4267,50.56474904009989,49.43525095990011,-9.08682017213578,1.129498080199784,2.603334686564985,2.618885864864992,-0.0
4301,50.55869116004571,49.44130883995429,-9.08682017213578,1.1173823200914268,2.603669923532247,2.618885864864992,-0.0
4333,50.55263327999153,49.44736672000847,-9.08682017213578,1.1052665599830704,2.605297299675196,2.620373711402293,-0.0
4367,50.54657539993735,49.45342460006265,-9.08682017213578,1.0931507998747134,2.605297299675196,2.619749053787883,-0.0
4400,50.54051751988318,49.45948248011682,-9.08682017213578,1.0810350397663566,2.607450460293483,2.620076213795461,-0.0
4434,50.534459639829,49.465540360171,-9.08682017213578,1.0689192796579996,2.6070381718098696,2.620076213795461,-0.0
4467,50.52840175977482,49.47159824022518,-9.08682017213578,1.0568035195496432,2.607377131954719,2.6207861366879714,-0.0
4500,50.522343879720644,49.477656120279356,-9.08682017213578,1.044687759441286,2.607377131954719,2.6197737184779157,-0.0
4533,50.51745700653691,49.48254299346309,-9.08682017213578,1.0349140130738137,2.608179758649077,2.6200793876053483,-0.0
4567,50.60808510561226,49.39191489438774,-9.05756255150112,1.216170211224522,2.6077672971858896,2.6200793876053483,-0.0
4601,50.666475547648204,49.333524452351796,-7.756266605197026,1.3329510952964025,2.6071991230960694,2.6203183054868973,-0.0
4634,50.56643361433594,49.43356638566406,-7.756266605197026,1.1328672286718795,2.6071991230960694,2.6197654968758695,-0.0
4667,50.56126276998418,49.43873723001582,-7.756266605197026,1.1225255399683673,2.6080758819212466,2.619958354120899,-0.0
4700,50.55609192563243,49.44390807436757,-7.756266605197026,1.1121838512648545,2.6074586239913047,2.619958354120899,-0.0
4733,50.55092108128067,49.44907891871933,-7.756266605197026,1.1018421625613424,2.607302947447305,2.6204833741241047,-0.0
4767,50.54575023692892,49.45424976307108,-7.756266605197026,1.0915004738578302,2.607302947447305,2.6199142128871684,-0.0
4800,50.54057939257716,49.45942060742284,-7.756266605197026,1.0811587851543174,2.608059548765898,2.6200075455028182,-0.0
4833,50.535408548225405,49.464591451774595,-7.756266605197026,1.0708170964508053,2.6076062932846535,2.6200075455028182,-0.0
4867,50.530237703873645,49.469762296126355,-7.756266605197026,1.060475407747293,2.607237787991801,2.620588137311187,-0.0
4900,50.52506685952189,49.47493314047811,-7.756266605197026,1.0501337190437803,2.607237787991801,2.6200075455028182,-0.0
4933,50.51989601517013,49.48010398482987,-7.756266605197026,1.0397920303402681,2.6078986610582,2.6200956895379237,-0.0
4967,50.51472517081838,49.48527482918162,-7.756266605197026,1.029450341636756,2.607535106811964,2.6200956895379237,-0.0
5000,50.50955432646662,49.49044567353338,-7.756266605197026,1.0191086529332432,2.6071583110836585,2.620543980160623,-0.0
5033,50.50438348211487,49.49561651788513,-7.756266605197026,1.008766964229731,2.6071583110836585,2.620187300572882,-0.0
5067,50.49921263776311,49.50078736223689,-7.756266605197026,0.9984252755262187,2.607595120969329,2.6199993228000236,-0.0
5100,50.494041793411355,49.505958206588645,-7.756266605197026,0.9880835868227061,2.607434276233949,2.6199993228000236,-0.0
5133,50.488870949059596,49.511129050940404,-7.756266605197026,0.9777418981191939,2.6071288124713377,2.6204556692076633,-0.0
5167,50.48370010470784,49.51629989529216,-7.756266605197026,0.9674002094156816,2.6071288124713377,2.620112135889558,-0.0
5200,50.47852926035608,49.52147073964392,-7.756266605197026,0.957058520712169,2.6076062932846535,2.6199110393774014,-0.0
5233,50.47335841600433,49.52664158399567,-7.756266605197026,0.9467168320086568,2.6074149414931065,2.6202691053528495,-0.0
5267,50.46818757165257,49.53181242834743,-7.756266605197026,0.9363751433051445,2.6072539702219952,2.6202691053528495,-0.0
5300,50.46301672730082,49.53698327269918,-7.756266605197026,0.9260334546016319,2.6074586239913047,2.6201203591234443,-0.0
5333,50.45784588294906,49.54215411705094,-7.756266605197026,0.9156917658981196,2.6074586239913047,2.6199306575301358,-0.0
5367,50.452675038597306,49.547324961402694,-7.756266605197026,0.9053500771946074,2.607797809392278,2.620301857194049,-0.0
5400,50.451162080425924,49.548837919574076,-7.756266605197026,0.902324160851843,2.6072977918849154,2.620301857194049,-0.0
5433,52.26082113568634,47.73917886431366,-7.463324713266782,4.521642271372683,2.6073659611121274,2.620159456080791,-0.0
5467,53.434112330002584,46.565887669997416,16.04748036292432,6.868224660005171,2.6073659611121274,2.6199059906237454,-0.0
5500,51.654112633162455,48.345887366837545,16.04748036292432,3.3082252663249174,2.6078629898429178,2.6200711645643437,-0.0
5533,51.664810953297426,48.335189046702574,16.04748036292432,3.32962190659485,2.591838634043273,2.6200711645643437,-0.0
5567,51.67550927343239,48.32449072656761,16.04748036292432,3.3510185468647813,2.6022399731081816,2.6099867732976096,-0.0
5600,51.68620759356736,48.31379240643264,16.04748036292432,3.372415187134715,2.6022399731081816,2.6147021511574446,-0.0
5634,51.70736062247742,48.29263937752258,16.04748036292432,3.414721244954833,2.592786188434628,2.617330722082761,-0.0
5667,52.24230694004668,47.75769305995332,16.205205243052657,4.484613880093358,2.607406778000432,2.617330722082761,-0.0
5700,52.61243580721533,47.38756419278467,23.319288662213985,5.22487161443066,2.602730394757671,2.6216092579491255,-0.0
5733,52.102392183292835,47.897607816707165,23.319288662213985,4.204784366585671,2.602730394757671,2.624494105997183,-0.0
5767,52.11793837557885,47.88206162442115,23.319288662213985,4.235876751157698,2.602602420471356,2.6175315215762636,-0.0
5800,52.13348456786486,47.86651543213514,23.319288662213985,4.266969135729728,2.6087451001007733,2.6175315215762636,-0.0
5833,52.14903076015088,47.85096923984912,23.319288662213985,4.298061520301754,2.597924848959524,2.620524355118618,-0.0
5867,52.16457695243689,47.83542304756311,23.319288662213985,4.329153904873783,2.597924848959524,2.62052262350785,-0.0
5900,52.180123144722906,47.819876855277094,23.319288662213985,4.360246289445811,2.6059655917174216,2.6199224351892987,-0.0
5933,52.19566933700892,47.80433066299108,23.319288662213985,4.391338674017841,2.600444134501211,2.6199224351892987,-0.0
5967,52.21121552929493,47.78878447070507,23.319288662213985,4.422431058589867,2.6041140049900497,2.620934939616833,-0.0
6000,52.22676172158095,47.77323827841905,23.319288662213985,4.453523443161896,2.6041140049900497,2.620139835358126,-0.0
6033,52.24230791386696,47.75769208613304,23.319288662213985,4.484615827733923,2.6019516973014385,2.620252801801791,-0.0
6067,52.257854106152976,47.742145893847024,23.319288662213985,4.515708212305952,2.6032585313524224,2.620252801801791,-0.0
6100,52.27340029843899,47.72659970156101,23.319288662213985,4.546800596877981,2.6024086202436134,2.6204915991057547,-0.0
6133,52.288946490725,47.711053509275,23.319288662213985,4.577892981450008,2.6024086202436134,2.6199093083745035,-0.0
6167,52.30449268301102,47.69550731698898,23.319288662213985,4.6089853660220355,2.6033458315105404,2.6201480587224153,-0.0
6200,52.32003887529703,47.67996112470297,23.319288662213985,4.640077750594065,2.602659265027132,2.6201480587224153,-0.0
6233,52.33558506758305,47.66441493241695,23.319288662213985,4.6711701351660935,2.6024714565604743,2.620393334752068,-0.0
6267,52.35056555837774,47.64943444162226,23.319288662213985,4.701131116755475,2.6024714565604743,2.6201808082941134,-0.0
6300,52.340453843121914,47.659546156878086,23.317643478609106,4.68090768624383,2.6029152314250426,2.619971481304305,-0.0
6333,52.339551681283055,47.660448318716945,22.97928741231281,4.679103362566111,2.603103087932419,2.620334609649319,-0.0
6367,52.38031534244765,47.61968465755235,22.97928741231281,4.7606306848952995,2.6026187023899783,2.620334609649319,-0.0
6400,52.395634867236,47.604365132764,22.97928741231281,4.791269734471994,2.6028908044303796,2.6198865169963512,-0.0
6433,52.410954392024344,47.589045607975656,22.97928741231281,4.821908784048687,2.6028908044303796,2.6198979126482524,-0.0
6467,52.42627391681269,47.57372608318731,22.97928741231281,4.85254783362538,2.6031416617469954,2.6202331800306067,-0.0
6500,52.441593441601036,47.558406558398964,22.97928741231281,4.8831868832020735,2.6026999714437657,2.6202331800306067,-0.0
6533,52.45691296638938,47.54308703361062,22.97928741231281,4.9138259327787654,2.6027466778772235,2.620027020479638,-0.0
6567,52.47223249117773,47.52776750882227,22.97928741231281,4.944464982355459,2.6027466778772235,2.6199911001359375,-0.0
6600,52.487552015966074,47.512447984033926,22.97928741231281,4.975104031932153,2.6033651210085096,2.6202053348071805,-0.0
6633,52.50287154075443,47.49712845924557,22.97928741231281,5.005743081508847,2.602839094617051,2.6202053348071805,-0.0
6667,52.51819106554277,47.48180893445723,22.97928741231281,5.0363821310855394,2.6027111123137163,2.6202331800306067,-0.0
6700,52.53351059033112,47.46648940966888,22.97928741231281,5.067021180662232,2.6027111123137163,2.620023846764903,-0.0
6733,52.548830115119465,47.451169884880535,22.97928741231281,5.097660230238927,2.603424991260119,2.619878294863308,-0.0
6767,52.56414963990781,47.43585036009219,22.97928741231281,5.12829927981562,2.6028553787566824,2.619878294863308,-0.0
6800,52.57946916469616,47.42053083530384,22.97928741231281,5.158938329392313,2.6027192537639157,2.6201808082941134,-0.0
6833,52.5947886894845,47.4052113105155,22.97928741231281,5.1895773789690045,2.6027192537639157,2.6198423775780757,-0.0
6867,52.61010821427285,47.38989178572715,22.97928741231281,5.220216428545698,2.603490150730512,2.6206240699337884,-0.0
6900,52.625427739061195,47.374572260938805,22.97928741231281,5.250855478122394,2.6035856080555457,2.6206240699337884,-0.0
6933,52.64074726384954,47.35925273615046,22.97928741231281,5.281494527699087,2.605305453263064,2.6221216308532114,-0.0
6967,52.65606678863789,47.34393321136211,22.97928741231281,5.3121335772757785,2.605305453263064,2.6231043397221057,-0.0
7000,52.67138631342624,47.32861368657376,22.97928741231281,5.342772626852472,2.6061700938075436,2.6225702970775204,-0.0
7033,52.686705838214586,47.313294161785414,22.97928741231281,5.373411676429165,2.6053217605536276,2.6225702970775204,-0.0
7067,52.70202536300293,47.29797463699707,22.97928741231281,5.404050726005859,2.604765539537865,2.6229257293863153,-0.0
7100,52.71734488779128,47.28265511220872,22.97928741231281,5.434689775582552,2.604765539537865,2.622319804054098,-0.0
7133,52.72328653372176,47.27671346627824,22.97928741231281,5.446573067443516,2.6053003036241678,2.621831922421158,-0.0
7167,51.9475998111545,48.0524001888455,22.749388550694576,3.8951996223089953,2.604334587183895,2.621831922421158,-0.0
7200,51.42437816519124,48.57562183480876,12.089951536909208,2.8487563303824848,2.60384971495478,2.6222068483540815,-0.0
7233,52.21948381291292,47.78051618708708,12.089951536909208,4.438967625825845,2.60384971495478,2.6215044335247204,-0.0
7267,52.2275437805236,47.7724562194764,12.089951536909208,4.455087561047192,2.6044523949877854,2.621218147608829,-0.0
7300,52.23560374813427,47.76439625186573,12.089951536909208,4.471207496268538,2.6038365658253224,2.6218154598743326,-0.0
7333,52.243663715744944,47.756336284255056,12.089951536909208,4.487327431489884,2.6038172710874052,2.6218154598743326,-0.0
7367,52.251723683355614,47.748276316644386,12.089951536909208,4.503447366711231,2.6038172710874052,2.62130967315449,-0.0
7400,52.25978365096629,47.74021634903371,12.089951536909208,4.519567301932577,2.604209496628007,2.6212982682903507,-0.0
7433,52.26784361857696,47.73215638142304,12.089951536909208,4.535687237153923,2.603732805537015,2.621573305062116,-0.0
7467,52.27590358618764,47.72409641381236,12.089951536909208,4.55180717237527,2.60383356440756,2.621573305062116,-0.0
7500,52.28396355379831,47.71603644620169,12.089951536909208,4.567927107596616,2.6039290406203555,2.6211657463392473,-0.0
7533,52.29202352140898,47.70797647859102,12.089951536909208,4.5840470428179625,2.6039290406203555,2.6211657463392473,-0.0
7567,52.300083489019656,47.699916510980344,12.089951536909208,4.600166978039309,2.6040459632551562,2.621331039429413,-0.0
7600,52.308143456630326,47.691856543369674,12.089951536909208,4.616286913260655,2.603877156937098,2.621331039429413,-0.0
7633,52.316203424241,47.683796575759,12.089951536909208,4.632406848482002,2.6037979765639534,2.621198514993174,-0.0
7667,52.32426339185167,47.67573660814833,12.089951536909208,4.648526783703348,2.6037979765639534,2.6211279260135893,-0.0
7700,52.33232335946235,47.66767664053765,12.089951536909208,4.664646718924694,2.604248095038094,2.6212376360851617,-0.0
7733,52.34038332707302,47.65961667292698,12.089951536909208,4.680766654146041,2.6040895611186925,2.6212376360851617,-0.0
7767,52.36780727898625,47.63219272101375,12.089951536909208,4.735614557972493,2.6041058569946895,2.6215927974994258,-0.0
7800,53.24662719097228,46.75337280902772,12.120396089356554,6.493254381944566,2.6041058569946895,2.6213196344258334,-0.0
7833,53.81493053412221,46.18506946587779,23.64718446129224,7.629861068244423,2.6048559186941977,2.621306497108897,-0.0
7867,52.96591478384804,47.03408521615196,23.64718446129224,5.931829567696081,2.6041251549404087,2.621306497108897,-0.0
7900,52.981679573331256,47.018320426668744,23.64718446129224,5.963359146662509,2.60389044930324,2.6215813907875036,-0.0
7933,52.99744436281447,47.00255563718553,23.64718446129224,5.994888725628936,2.60389044930324,2.6212737264300654,-0.0
7967,53.013209152297684,46.986790847702316,23.64718446129224,6.026418304595364,2.604754385474405,2.6212130950763686,-0.0
8000,53.0289739417809,46.9710260582191,23.64718446129224,6.057947883561791,2.6041221530236527,2.6212130950763686,-0.0
8033,53.04473873126411,46.95526126873589,23.64718446129224,6.089477462528218,2.6037846849058894,2.621876112129325,-0.0
8067,53.060503520747325,46.939496479252675,23.64718446129224,6.121007041494646,2.6037846849058894,2.621386621841247,-0.0
8100,53.07626831023054,46.92373168976946,23.64718446129224,6.152536620461072,2.6048041503107804,2.621097035209897,-0.0
8133,53.09203309971375,46.90796690028625,23.64718446129224,6.1840661994275,2.6039889303260346,2.621097035209897,-0.0
8167,53.107797889196966,46.892202110803034,23.64718446129224,6.215595778393927,2.6038578617480033,2.6217826796507486,-0.0
8200,53.12356267868017,46.87643732131983,23.64718446129224,6.2471253573603525,2.6038578617480033,2.620979106649527,-0.0
8233,53.13932746816339,46.86067253183661,23.64718446129224,6.27865493632678,2.602207416531376,2.6180363592307088,-0.0
8267,53.1550922576466,46.8449077423534,23.64718446129224,6.310184515293207,2.598837549211487,2.6180363592307088,-0.0
8300,53.170857047129815,46.829142952870185,23.64718446129224,6.341714094259635,2.5980281198155026,2.6185362981547398,-0.0
8333,53.18740684245024,46.81259315754976,23.64718446129224,6.374813684900472,2.5980281198155026,2.6182095706316315,-0.0
8367,53.2674369546803,46.7325630453197,23.666406680336358,6.5348739093606,2.6012221552425254,2.6193615321416033,-0.0
8400,53.32692557741229,46.67307442258771,24.531827162033636,6.653851154824573,2.6010587604770747,2.6193615321416033,-0.0
8433,53.279340678501505,46.720659321498495,24.531827162033636,6.558681357003005,2.6012656822091973,2.6207582826496956,-0.0
8467,53.29569522977931,46.70430477022069,24.531827162033636,6.5913904595586255,2.601358020080112,2.620023846764903,-0.0
8500,53.31204978105713,46.68795021894287,24.531827162033636,6.624099562114247,2.601358020080112,2.6197654968758695,-0.0
8533,53.328404332334934,46.671595667665066,24.531827162033636,6.656808664669868,2.6014970356680287,2.620458843707051,-0.0
8567,53.34475888361274,46.65524111638726,24.531827162033636,6.689517767225488,2.601417963833636,2.620458843707051,-0.0
8600,53.361113434890555,46.638886565109445,24.531827162033636,6.7222268697811085,2.6014016931813835,2.619806461031452,-0.0
8633,53.37746798616836,46.62253201383164,24.531827162033636,6.754935972336729,2.6014016931813835,2.619809634351208,-0.0
8667,53.39382253744618,46.60617746255382,24.531827162033636,6.7876450748923505,2.6015407122701713,2.6199142128871684,-0.0
8700,53.410177088723984,46.589822911276016,24.531827162033636,6.820354177447968,2.6012221552425254,2.6199142128871684,-0.0
8733,53.4265316400018,46.5734683599982,24.531827162033636,6.85306328000359,2.6010424931946727,2.619749053787883,-0.0
8767,53.442886191279605,46.557113808720395,24.531827162033636,6.885772382559209,2.6010424931946727,2.619611745623585,-0.0
8800,53.45924074255742,46.54075925744258,24.531827162033636,6.918481485114833,2.6015761111076356,2.619680398356318,-0.0
8833,53.47559529383523,46.52440470616477,24.531827162033636,6.951190587670451,2.6012465587515807,2.619680398356318,-0.0
8867,53.491949845113034,46.508050154886966,24.531827162033636,6.983899690226072,2.6011408126924844,2.6196167935267156,-0.0
8900,53.50830439639085,46.49169560360915,24.531827162033636,7.016608792781693,2.6011408126924844,2.619729581910214,-0.0
8933,53.50335215765405,46.49664784234595,24.531827162033636,7.006704315308102,2.6019405613071274,2.6196085726633704,-0.0
8967,51.7338033541666,48.2661966458334,24.002659650381887,3.467606708333199,2.6011540841112217,2.6196085726633704,-0.0
9000,50.534911515821555,49.465088484178445,-0.0484692087455691,1.0698230316431085,2.6010018256563154,2.6197654968758695,-0.0
9033,52.31158127645892,47.68841872354108,-0.0484692087455691,4.6231625529178375,2.6010018256563154,2.619523481789757,-0.0
9067,52.31154896365341,47.68845103634659,-0.0484692087455691,4.623097927306823,2.6019242857517315,2.6156041379307178,-0.0
9100,52.311516650847906,47.688483349152094,-0.0484692087455691,4.623033301695808,2.59631533208218,2.6156041379307178,-0.0
9133,52.3114843380424,47.6885156619576,-0.0484692087455691,4.622968676084794,2.6028745199583003,2.619471131329287,-0.0
9167,52.31145202523689,47.68854797476311,-0.0484692087455691,4.622904050473779,2.6028745199583003,2.6166386163028768,-0.0
9200,52.31141971243138,47.68858028756862,-0.0484692087455691,4.6228394248627644,2.604340591757268,2.6192487675257294,-0.0
9233,52.31138739962587,47.68861260037413,-0.0484692087455691,4.62277479925175,2.6036617776210216,2.6192487675257294,-0.0
9267,52.31135508682037,47.68864491317963,-0.0484692087455691,4.622710173640735,2.6034301353398965,2.619732755090287,-0.0
9300,52.31132277401486,47.68867722598514,-0.0484692087455691,4.622645548029721,2.6034301353398965,2.619482524271103,-0.0
9333,52.31129046120935,47.68870953879065,-0.0484692087455691,4.622580922418706,2.60446569175892,2.619160522036106,-0.0
9367,52.311258148403844,47.688741851596156,-0.0484692087455691,4.622516296807691,2.6043923463219536,2.619160522036106,-0.0
9400,52.311225835598336,47.688774164401664,-0.0484692087455691,4.622451671196677,2.6043894869134765,2.620087610685065,-0.0
9433,52.311193522792834,47.688806477207166,-0.0484692087455691,4.622387045585662,2.6043894869134765,2.6194107067158336,-0.0
9467,52.35296078554325,47.64703921445675,-0.0484692087455691,4.705921571086507,2.6051285146995213,2.6193142335644373,-0.0
9500,54.25458221431829,45.74541778568171,0.004831156036157446,8.509164428636588,2.604629264672239,2.6198341556528195,-0.0
9533,55.478815635016275,44.521184364983725,25.193516762060533,10.957631270032554,2.604689321532134,2.6198341556528195,-0.0
9567,53.60685508464512,46.39314491535488,25.193516762060533,7.213710169290244,2.604689321532134,2.619229301225521,-0.0
9600,53.62365076231854,46.37634923768146,25.193516762060533,7.247301524637076,2.601322625693784,2.6204670685732094,-0.0
9633,53.640446439991955,46.359553560008045,25.193516762060533,7.280892879983912,2.601769104573114,2.6066534669874835,-0.0
9667,53.631029960044124,46.368970039955876,25.193516762060533,7.262059920088254,2.5944276772595867,2.6066534669874835,-0.0
9700,52.44588598510103,47.55411401489897,25.162705047679164,4.891771970202061,2.6030187999880243,2.622902898635792,-0.0
9733,51.68881973286927,48.31118026713073,9.240169525410945,3.377639465738539,2.6030187999880243,2.6161914713300107,-0.0
9767,52.88867011827428,47.11132988172572,9.240169525410945,5.7773402365485484,2.604912980109196,2.621992223745474,-0.0
9800,52.89483023122961,47.10516976877039,9.240169525410945,5.789660462459228,2.6001966621300965,2.621992223745474,-0.0
9833,52.900990344184954,47.099009655815046,9.240169525410945,5.801980688369907,2.60389044930324,2.6177046828780726,-0.0
9867,52.90715045714029,47.09284954285971,9.240169525410945,5.814300914280587,2.60389044930324,2.620853103654117,-0.0
9900,52.91331057009563,47.08668942990437,9.240169525410945,5.826621140191266,2.601110559945563,2.6183172239819146,-0.0
9933,52.919470683050974,47.080529316949026,9.240169525410945,5.838941366101945,2.60340055708938,2.6183172239819146,-0.0
9967,52.92563079600631,47.07436920399369,9.240169525410945,5.851261592012625,2.601505171422321,2.619971481304305,-0.0
